CensusTract,percentEBLL2020,note2020,percentEBLL2019,note2019,percentEBLL2018,note2018,percentEBLL2017,note2017,percentEBLL2016,note2016,percentEBLL2015,note2015,percentEBLL15_20,note15_20
42003010300,,Censored,,Censored,,Censored,,Censored,,Censored,,Censored,10.2,
42003020100,,Censored,,Censored,,Censored,,Censored,,Censored,,Censored,1.5,"Unstable percent, interpret with caution"
42003020300,,Censored,,Censored,,Censored,,Censored,,Censored,,Censored,0,"Unstable percent, interpret with caution"
42003030500,,Censored,,Censored,,Censored,,Censored,,Censored,,Censored,2.12,"Unstable percent, interpret with caution"
42003040200,,Censored,,Censored,,Censored,,Censored,,Censored,,Censored,0,"Unstable percent, interpret with caution"
42003040400,,Censored,,Censored,,Censored,,Censored,,Censored,,Censored,,Censored
42003040500,,Censored,,Censored,,Censored,,Censored,,Censored,,Censored,,Censored
42003040600,,Censored,,Censored,,Censored,,Censored,,Censored,,Censored,,Censored
42003040900,,Censored,,Censored,,Censored,,Censored,,Censored,,Censored,4.48,"Unstable percent, interpret with caution"
42003050100,,Censored,,Censored,,Censored,,Censored,,Censored,,Censored,5.1,"Unstable percent, interpret with caution"
42003050600,,Censored,,Censored,,Censored,,Censored,,Censored,,Censored,3.77,"Unstable percent, interpret with caution"
42003050900,,Censored,1.92,"Unstable percent, interpret with caution",5.17,"Unstable percent, interpret with caution",,Censored,,Censored,0,"Unstable percent, interpret with caution",2.8,"Unstable percent, interpret with caution"
42003051000,,Censored,,Censored,,Censored,,Censored,,Censored,,Censored,0.92,"Unstable percent, interpret with caution"
42003051100,,Censored,,Censored,,Censored,,Censored,,Censored,,Censored,0.84,"Unstable percent, interpret with caution"
42003060300,,Censored,,Censored,,Censored,,Censored,,Censored,,Censored,3.82,"Unstable percent, interpret with caution"
42003060500,,Censored,,Censored,,Censored,,Censored,,Censored,,Censored,4.17,"Unstable percent, interpret with caution"
42003070300,,Censored,,Censored,,Censored,,Censored,,Censored,,Censored,1.43,"Unstable percent, interpret with caution"
42003070500,,Censored,,Censored,,Censored,,Censored,,Censored,,Censored,0.99,"Unstable percent, interpret with caution"
42003070600,,Censored,,Censored,,Censored,,Censored,,Censored,,Censored,1.12,"Unstable percent, interpret with caution"
42003070800,,Censored,0,"Unstable percent, interpret with caution",,Censored,,Censored,,Censored,,Censored,0,"Unstable percent, interpret with caution"
42003070900,,Censored,0,"Unstable percent, interpret with caution",1.59,"Unstable percent, interpret with caution",,Censored,,Censored,,Censored,2.79,"Unstable percent, interpret with caution"
42003080200,,Censored,,Censored,,Censored,,Censored,,Censored,,Censored,0,"Unstable percent, interpret with caution"
42003080400,,Censored,,Censored,,Censored,,Censored,,Censored,,Censored,4.92,"Unstable percent, interpret with caution"
42003080600,,Censored,,Censored,,Censored,,Censored,,Censored,,Censored,6.38,"Unstable percent, interpret with caution"
42003080700,,Censored,,Censored,,Censored,,Censored,,Censored,,Censored,1.72,"Unstable percent, interpret with caution"
42003080900,,Censored,,Censored,,Censored,,Censored,,Censored,,Censored,6.1,"Unstable percent, interpret with caution"
42003090100,,Censored,,Censored,,Censored,,Censored,,Censored,,Censored,6.33,"Unstable percent, interpret with caution"
42003090200,,Censored,,Censored,,Censored,,Censored,,Censored,,Censored,5.37,"Unstable percent, interpret with caution"
42003090300,,Censored,,Censored,,Censored,,Censored,,Censored,,Censored,7.41,"Unstable percent, interpret with caution"
42003100500,,Censored,,Censored,,Censored,,Censored,,Censored,,Censored,3.25,"Unstable percent, interpret with caution"
42003101100,,Censored,,Censored,,Censored,,Censored,,Censored,,Censored,4.73,"Unstable percent, interpret with caution"
42003101400,,Censored,1.56,"Unstable percent, interpret with caution",1.69,"Unstable percent, interpret with caution",7.14,"Unstable percent, interpret with caution",,Censored,,Censored,4.13,
42003101600,,Censored,,Censored,,Censored,,Censored,,Censored,,Censored,2.65,"Unstable percent, interpret with caution"
42003101700,,Censored,,Censored,,Censored,,Censored,,Censored,,Censored,5.47,"Unstable percent, interpret with caution"
42003101800,,Censored,,Censored,,Censored,,Censored,,Censored,,Censored,0.64,"Unstable percent, interpret with caution"
42003110200,,Censored,4.55,"Unstable percent, interpret with caution",3.7,"Unstable percent, interpret with caution",5.08,"Unstable percent, interpret with caution",,Censored,,Censored,4.06,
42003110600,,Censored,4.41,"Unstable percent, interpret with caution",3.92,"Unstable percent, interpret with caution",,Censored,,Censored,,Censored,2.97,"Unstable percent, interpret with caution"
42003111300,,Censored,3.45,"Unstable percent, interpret with caution",2,"Unstable percent, interpret with caution",,Censored,,Censored,9.8,"Unstable percent, interpret with caution",5.56,
42003111400,,Censored,,Censored,,Censored,,Censored,,Censored,,Censored,9.52,
42003111500,,Censored,,Censored,,Censored,,Censored,0,"Unstable percent, interpret with caution",1.92,"Unstable percent, interpret with caution",0.49,"Unstable percent, interpret with caution"
42003120300,,Censored,,Censored,,Censored,,Censored,,Censored,,Censored,4.03,"Unstable percent, interpret with caution"
42003120400,,Censored,,Censored,,Censored,,Censored,,Censored,,Censored,9.84,"Unstable percent, interpret with caution"
42003120700,,Censored,,Censored,,Censored,,Censored,,Censored,,Censored,12.2,
42003120800,,Censored,,Censored,,Censored,,Censored,,Censored,,Censored,3.33,"Unstable percent, interpret with caution"
42003130100,,Censored,8.33,"Unstable percent, interpret with caution",4.76,"Unstable percent, interpret with caution",7.46,"Unstable percent, interpret with caution",5.26,"Unstable percent, interpret with caution",3.57,"Unstable percent, interpret with caution",7.32,
42003130200,,Censored,,Censored,,Censored,,Censored,,Censored,,Censored,10.37,
42003130300,,Censored,,Censored,,Censored,,Censored,,Censored,,Censored,3.8,"Unstable percent, interpret with caution"
42003130400,,Censored,,Censored,,Censored,9.43,"Unstable percent, interpret with caution",,Censored,,Censored,9.15,
42003130600,4,"Unstable percent, interpret with caution",5.68,"Unstable percent, interpret with caution",2.68,"Unstable percent, interpret with caution",2.56,"Unstable percent, interpret with caution",1.98,"Unstable percent, interpret with caution",0.98,"Unstable percent, interpret with caution",2.96,
42003140100,,Censored,,Censored,,Censored,,Censored,,Censored,,Censored,2.1,"Unstable percent, interpret with caution"
42003140200,,Censored,,Censored,,Censored,,Censored,,Censored,,Censored,0.99,"Unstable percent, interpret with caution"
42003140300,,Censored,2.38,"Unstable percent, interpret with caution",4.17,"Unstable percent, interpret with caution",1.56,"Unstable percent, interpret with caution",,Censored,,Censored,3.65,
42003140400,,Censored,,Censored,1.92,"Unstable percent, interpret with caution",,Censored,,Censored,,Censored,2.47,"Unstable percent, interpret with caution"
42003140500,,Censored,,Censored,,Censored,,Censored,,Censored,,Censored,7.46,
42003140600,,Censored,1.37,"Unstable percent, interpret with caution",1.32,"Unstable percent, interpret with caution",3.64,"Unstable percent, interpret with caution",,Censored,,Censored,2.02,"Unstable percent, interpret with caution"
42003140800,1.61,"Unstable percent, interpret with caution",3.45,"Unstable percent, interpret with caution",2.7,"Unstable percent, interpret with caution",2.15,"Unstable percent, interpret with caution",3.23,"Unstable percent, interpret with caution",,Censored,2.36,"Unstable percent, interpret with caution"
42003141000,,Censored,,Censored,,Censored,,Censored,,Censored,,Censored,3.57,"Unstable percent, interpret with caution"
42003141100,,Censored,,Censored,,Censored,,Censored,,Censored,,Censored,0,"Unstable percent, interpret with caution"
42003141300,,Censored,0,"Unstable percent, interpret with caution",2.08,"Unstable percent, interpret with caution",0,"Unstable percent, interpret with caution",0,"Unstable percent, interpret with caution",,Censored,0.67,"Unstable percent, interpret with caution"
42003141400,2.94,"Unstable percent, interpret with caution",0.76,"Unstable percent, interpret with caution",2.21,"Unstable percent, interpret with caution",1.14,"Unstable percent, interpret with caution",2.7,"Unstable percent, interpret with caution",,Censored,1.9,"Unstable percent, interpret with caution"
42003151600,,Censored,,Censored,0,"Unstable percent, interpret with caution",,Censored,,Censored,,Censored,1.56,"Unstable percent, interpret with caution"
42003151700,0,"Unstable percent, interpret with caution",0.88,"Unstable percent, interpret with caution",2.99,"Unstable percent, interpret with caution",2.3,"Unstable percent, interpret with caution",2.63,"Unstable percent, interpret with caution",5.63,"Unstable percent, interpret with caution",2.27,
42003160800,,Censored,,Censored,,Censored,,Censored,,Censored,,Censored,4,"Unstable percent, interpret with caution"
42003160900,,Censored,,Censored,,Censored,,Censored,,Censored,,Censored,1.2,"Unstable percent, interpret with caution"
42003170200,,Censored,,Censored,,Censored,,Censored,,Censored,,Censored,0,"Unstable percent, interpret with caution"
42003170600,,Censored,,Censored,,Censored,,Censored,,Censored,,Censored,7.14,"Unstable percent, interpret with caution"
42003180300,,Censored,6.9,"Unstable percent, interpret with caution",9.43,"Unstable percent, interpret with caution",12.73,"Unstable percent, interpret with caution",23.08,,11.76,"Unstable percent, interpret with caution",9.25,
42003180700,,Censored,,Censored,,Censored,,Censored,,Censored,,Censored,5.83,"Unstable percent, interpret with caution"
42003190300,,Censored,,Censored,,Censored,,Censored,,Censored,,Censored,5.19,"Unstable percent, interpret with caution"
42003191100,,Censored,,Censored,,Censored,,Censored,,Censored,,Censored,2.63,"Unstable percent, interpret with caution"
42003191400,,Censored,,Censored,,Censored,,Censored,,Censored,,Censored,4.17,"Unstable percent, interpret with caution"
42003191500,,Censored,,Censored,,Censored,,Censored,,Censored,,Censored,5.56,"Unstable percent, interpret with caution"
42003191600,,Censored,1.28,"Unstable percent, interpret with caution",0,"Unstable percent, interpret with caution",,Censored,9.52,"Unstable percent, interpret with caution",1.92,"Unstable percent, interpret with caution",3.9,
42003191700,,Censored,0,"Unstable percent, interpret with caution",0,"Unstable percent, interpret with caution",,Censored,,Censored,,Censored,1.64,"Unstable percent, interpret with caution"
42003191800,1.72,"Unstable percent, interpret with caution",0.88,"Unstable percent, interpret with caution",4.76,"Unstable percent, interpret with caution",1.52,"Unstable percent, interpret with caution",4.84,"Unstable percent, interpret with caution",2.9,"Unstable percent, interpret with caution",2.96,
42003191900,,Censored,1.96,"Unstable percent, interpret with caution",,Censored,,Censored,,Censored,,Censored,1.09,"Unstable percent, interpret with caution"
42003192000,,Censored,,Censored,,Censored,,Censored,,Censored,,Censored,1.6,"Unstable percent, interpret with caution"
42003202200,,Censored,0,"Unstable percent, interpret with caution",3.33,"Unstable percent, interpret with caution",1.67,"Unstable percent, interpret with caution",,Censored,,Censored,3.27,"Unstable percent, interpret with caution"
42003202300,0,"Unstable percent, interpret with caution",3.64,"Unstable percent, interpret with caution",,Censored,,Censored,,Censored,,Censored,0.95,"Unstable percent, interpret with caution"
42003210700,,Censored,,Censored,,Censored,,Censored,,Censored,,Censored,5.63,"Unstable percent, interpret with caution"
42003220600,,Censored,,Censored,,Censored,,Censored,,Censored,,Censored,6.12,"Unstable percent, interpret with caution"
42003240600,,Censored,,Censored,,Censored,7.69,"Unstable percent, interpret with caution",,Censored,,Censored,7.1,
42003241200,,Censored,,Censored,,Censored,,Censored,,Censored,,Censored,10.29,"Unstable percent, interpret with caution"
42003250300,,Censored,,Censored,,Censored,,Censored,,Censored,,Censored,10.26,
42003250700,,Censored,,Censored,,Censored,,Censored,,Censored,,Censored,7.5,"Unstable percent, interpret with caution"
42003250900,,Censored,,Censored,,Censored,,Censored,,Censored,,Censored,5.39,"Unstable percent, interpret with caution"
42003260200,,Censored,,Censored,,Censored,,Censored,,Censored,,Censored,4.47,"Unstable percent, interpret with caution"
42003260700,,Censored,,Censored,4.55,"Unstable percent, interpret with caution",,Censored,,Censored,,Censored,10.06,
42003260900,,Censored,1.52,"Unstable percent, interpret with caution",1.2,"Unstable percent, interpret with caution",3.28,"Unstable percent, interpret with caution",4.39,"Unstable percent, interpret with caution",1,"Unstable percent, interpret with caution",3.17,
42003261200,,Censored,,Censored,,Censored,,Censored,,Censored,,Censored,0,"Unstable percent, interpret with caution"
42003261400,,Censored,10.91,"Unstable percent, interpret with caution",10.71,"Unstable percent, interpret with caution",,Censored,,Censored,,Censored,11.82,
42003261500,,Censored,,Censored,,Censored,,Censored,,Censored,,Censored,11.28,
42003262000,,Censored,7.55,"Unstable percent, interpret with caution",6.76,"Unstable percent, interpret with caution",5.63,"Unstable percent, interpret with caution",,Censored,7.84,"Unstable percent, interpret with caution",6.43,
42003270100,,Censored,4.23,"Unstable percent, interpret with caution",3.77,"Unstable percent, interpret with caution",,Censored,,Censored,,Censored,4.41,"Unstable percent, interpret with caution"
42003270300,,Censored,14.81,"Unstable percent, interpret with caution",10.91,"Unstable percent, interpret with caution",,Censored,,Censored,,Censored,10.29,
42003270400,,Censored,,Censored,,Censored,,Censored,,Censored,,Censored,5.75,"Unstable percent, interpret with caution"
42003270800,,Censored,0,"Unstable percent, interpret with caution",3.45,"Unstable percent, interpret with caution",,Censored,,Censored,,Censored,4.43,"Unstable percent, interpret with caution"
42003271500,,Censored,12.82,,14.71,,10.91,"Unstable percent, interpret with caution",7.84,"Unstable percent, interpret with caution",9.26,"Unstable percent, interpret with caution",10.45,
42003281400,,Censored,2.38,"Unstable percent, interpret with caution",2.5,"Unstable percent, interpret with caution",6.1,"Unstable percent, interpret with caution",3.7,"Unstable percent, interpret with caution",2.86,"Unstable percent, interpret with caution",2.21,"Unstable percent, interpret with caution"
42003281500,,Censored,,Censored,,Censored,,Censored,,Censored,,Censored,6.06,"Unstable percent, interpret with caution"
42003290100,,Censored,,Censored,0,"Unstable percent, interpret with caution",,Censored,5.36,"Unstable percent, interpret with caution",,Censored,3.17,"Unstable percent, interpret with caution"
42003290200,5,"Unstable percent, interpret with caution",8.16,"Unstable percent, interpret with caution",8.26,"Unstable percent, interpret with caution",5.5,"Unstable percent, interpret with caution",13.1,,10,"Unstable percent, interpret with caution",7.87,
42003290400,3.92,"Unstable percent, interpret with caution",4.48,"Unstable percent, interpret with caution",1.45,"Unstable percent, interpret with caution",2.82,"Unstable percent, interpret with caution",3.28,"Unstable percent, interpret with caution",2.67,"Unstable percent, interpret with caution",3.99,
42003300100,11.54,"Unstable percent, interpret with caution",11.22,,15.12,,16.46,,21.33,,12.63,,14.17,
42003310200,,Censored,,Censored,0,"Unstable percent, interpret with caution",,Censored,,Censored,,Censored,0.48,"Unstable percent, interpret with caution"
42003310300,,Censored,,Censored,,Censored,,Censored,,Censored,,Censored,0,"Unstable percent, interpret with caution"
42003320400,,Censored,,Censored,,Censored,,Censored,,Censored,,Censored,0.74,"Unstable percent, interpret with caution"
42003320600,,Censored,,Censored,,Censored,,Censored,,Censored,,Censored,2.11,"Unstable percent, interpret with caution"
42003320700,,Censored,,Censored,,Censored,,Censored,,Censored,,Censored,0.99,"Unstable percent, interpret with caution"
42003401100,0,"Unstable percent, interpret with caution",0,"Unstable percent, interpret with caution",0,"Unstable percent, interpret with caution",1.33,"Unstable percent, interpret with caution",,Censored,,Censored,0.31,"Unstable percent, interpret with caution"
42003401200,,Censored,1.16,"Unstable percent, interpret with caution",0,"Unstable percent, interpret with caution",3.13,"Unstable percent, interpret with caution",,Censored,1.52,"Unstable percent, interpret with caution",1.35,"Unstable percent, interpret with caution"
42003401300,,Censored,,Censored,2,"Unstable percent, interpret with caution",,Censored,,Censored,,Censored,1.47,"Unstable percent, interpret with caution"
42003402000,,Censored,3.17,"Unstable percent, interpret with caution",5.77,"Unstable percent, interpret with caution",0,"Unstable percent, interpret with caution",,Censored,,Censored,1.8,"Unstable percent, interpret with caution"
42003403500,7.69,"Unstable percent, interpret with caution",1.8,"Unstable percent, interpret with caution",5,"Unstable percent, interpret with caution",5.95,"Unstable percent, interpret with caution",5.13,"Unstable percent, interpret with caution",2.74,"Unstable percent, interpret with caution",3.73,
42003404000,,Censored,,Censored,,Censored,,Censored,,Censored,,Censored,0.97,"Unstable percent, interpret with caution"
42003405000,,Censored,,Censored,,Censored,,Censored,,Censored,,Censored,0,"Unstable percent, interpret with caution"
42003406000,,Censored,,Censored,,Censored,,Censored,,Censored,,Censored,0.93,"Unstable percent, interpret with caution"
42003407001,,Censored,0,"Unstable percent, interpret with caution",0,"Unstable percent, interpret with caution",0,"Unstable percent, interpret with caution",,Censored,,Censored,0,"Unstable percent, interpret with caution"
42003407002,1.75,"Unstable percent, interpret with caution",0,"Unstable percent, interpret with caution",0,"Unstable percent, interpret with caution",,Censored,0,"Unstable percent, interpret with caution",,Censored,0.68,"Unstable percent, interpret with caution"
42003408001,0,"Unstable percent, interpret with caution",0,"Unstable percent, interpret with caution",0,"Unstable percent, interpret with caution",0,"Unstable percent, interpret with caution",,Censored,,Censored,0,"Unstable percent, interpret with caution"
42003408002,0,"Unstable percent, interpret with caution",0,"Unstable percent, interpret with caution",0,"Unstable percent, interpret with caution",0,"Unstable percent, interpret with caution",0,"Unstable percent, interpret with caution",,Censored,0,"Unstable percent, interpret with caution"
42003409000,0,"Unstable percent, interpret with caution",0,"Unstable percent, interpret with caution",0,"Unstable percent, interpret with caution",0,"Unstable percent, interpret with caution",0,"Unstable percent, interpret with caution",0,"Unstable percent, interpret with caution",0,"Unstable percent, interpret with caution"
42003410000,,Censored,,Censored,,Censored,,Censored,,Censored,,Censored,0,"Unstable percent, interpret with caution"
42003411000,0,"Unstable percent, interpret with caution",0,"Unstable percent, interpret with caution",0.55,"Unstable percent, interpret with caution",0,"Unstable percent, interpret with caution",,Censored,,Censored,0.18,"Unstable percent, interpret with caution"
42003412001,0,"Unstable percent, interpret with caution",0.93,"Unstable percent, interpret with caution",0.54,"Unstable percent, interpret with caution",0,"Unstable percent, interpret with caution",0,"Unstable percent, interpret with caution",0,"Unstable percent, interpret with caution",0.33,"Unstable percent, interpret with caution"
42003412002,0,"Unstable percent, interpret with caution",0,"Unstable percent, interpret with caution",0.63,"Unstable percent, interpret with caution",,Censored,,Censored,,Censored,0.25,"Unstable percent, interpret with caution"
42003413100,0,"Unstable percent, interpret with caution",0,"Unstable percent, interpret with caution",0.68,"Unstable percent, interpret with caution",0,"Unstable percent, interpret with caution",,Censored,,Censored,0.23,"Unstable percent, interpret with caution"
42003413201,0,"Unstable percent, interpret with caution",0,"Unstable percent, interpret with caution",0,"Unstable percent, interpret with caution",,Censored,,Censored,,Censored,0,"Unstable percent, interpret with caution"
42003413202,,Censored,0,"Unstable percent, interpret with caution",0,"Unstable percent, interpret with caution",,Censored,,Censored,,Censored,0,"Unstable percent, interpret with caution"
42003413300,0,"Unstable percent, interpret with caution",0.99,"Unstable percent, interpret with caution",0,"Unstable percent, interpret with caution",0,"Unstable percent, interpret with caution",,Censored,,Censored,0.33,"Unstable percent, interpret with caution"
42003413400,0,"Unstable percent, interpret with caution",0,"Unstable percent, interpret with caution",0,"Unstable percent, interpret with caution",,Censored,,Censored,0,"Unstable percent, interpret with caution",0,"Unstable percent, interpret with caution"
42003413500,0,"Unstable percent, interpret with caution",0,"Unstable percent, interpret with caution",0,"Unstable percent, interpret with caution",1.75,"Unstable percent, interpret with caution",0,"Unstable percent, interpret with caution",0,"Unstable percent, interpret with caution",0.29,"Unstable percent, interpret with caution"
42003414101,,Censored,0,"Unstable percent, interpret with caution",0,"Unstable percent, interpret with caution",,Censored,,Censored,,Censored,0.4,"Unstable percent, interpret with caution"
42003414102,0,"Unstable percent, interpret with caution",0,"Unstable percent, interpret with caution",0,"Unstable percent, interpret with caution",0,"Unstable percent, interpret with caution",,Censored,,Censored,0,"Unstable percent, interpret with caution"
42003414200,,Censored,0,"Unstable percent, interpret with caution",0,"Unstable percent, interpret with caution",0,"Unstable percent, interpret with caution",,Censored,,Censored,0,"Unstable percent, interpret with caution"
42003415001,,Censored,0,"Unstable percent, interpret with caution",0,"Unstable percent, interpret with caution",,Censored,,Censored,,Censored,0,"Unstable percent, interpret with caution"
42003415002,,Censored,,Censored,,Censored,,Censored,,Censored,,Censored,0,"Unstable percent, interpret with caution"
42003416000,,Censored,,Censored,,Censored,,Censored,,Censored,,Censored,0,"Unstable percent, interpret with caution"
42003417100,,Censored,,Censored,,Censored,,Censored,,Censored,,Censored,0.79,"Unstable percent, interpret with caution"
42003417200,,Censored,,Censored,,Censored,,Censored,,Censored,,Censored,1.12,"Unstable percent, interpret with caution"
42003418000,,Censored,,Censored,,Censored,,Censored,,Censored,,Censored,1.02,"Unstable percent, interpret with caution"
42003419000,,Censored,,Censored,,Censored,,Censored,,Censored,,Censored,0,"Unstable percent, interpret with caution"
42003420000,,Censored,,Censored,,Censored,,Censored,,Censored,,Censored,2.6,"Unstable percent, interpret with caution"
42003421100,0,"Unstable percent, interpret with caution",0,"Unstable percent, interpret with caution",0,"Unstable percent, interpret with caution",0,"Unstable percent, interpret with caution",,Censored,,Censored,0,"Unstable percent, interpret with caution"
42003421200,0,"Unstable percent, interpret with caution",0,"Unstable percent, interpret with caution",0,"Unstable percent, interpret with caution",,Censored,,Censored,,Censored,0,"Unstable percent, interpret with caution"
42003422000,,Censored,0,"Unstable percent, interpret with caution",0,"Unstable percent, interpret with caution",0,"Unstable percent, interpret with caution",,Censored,,Censored,0,"Unstable percent, interpret with caution"
42003423000,,Censored,0,"Unstable percent, interpret with caution",5.06,"Unstable percent, interpret with caution",,Censored,,Censored,,Censored,2.4,"Unstable percent, interpret with caution"
42003424000,,Censored,1.64,"Unstable percent, interpret with caution",0,"Unstable percent, interpret with caution",4,"Unstable percent, interpret with caution",,Censored,,Censored,2.38,"Unstable percent, interpret with caution"
42003425000,,Censored,,Censored,3.77,"Unstable percent, interpret with caution",5,"Unstable percent, interpret with caution",,Censored,,Censored,4.33,"Unstable percent, interpret with caution"
42003426300,0,"Unstable percent, interpret with caution",0,"Unstable percent, interpret with caution",1.96,"Unstable percent, interpret with caution",0,"Unstable percent, interpret with caution",0,"Unstable percent, interpret with caution",0,"Unstable percent, interpret with caution",0.51,"Unstable percent, interpret with caution"
42003426400,,Censored,0,"Unstable percent, interpret with caution",5.26,"Unstable percent, interpret with caution",2,"Unstable percent, interpret with caution",,Censored,,Censored,1.8,"Unstable percent, interpret with caution"
42003426700,,Censored,,Censored,,Censored,,Censored,,Censored,,Censored,2.15,"Unstable percent, interpret with caution"
42003426800,,Censored,,Censored,0,"Unstable percent, interpret with caution",0,"Unstable percent, interpret with caution",,Censored,,Censored,0,"Unstable percent, interpret with caution"
42003427000,,Censored,,Censored,1.92,"Unstable percent, interpret with caution",,Censored,,Censored,,Censored,4.52,"Unstable percent, interpret with caution"
42003427100,0,"Unstable percent, interpret with caution",0,"Unstable percent, interpret with caution",0,"Unstable percent, interpret with caution",,Censored,,Censored,,Censored,0,"Unstable percent, interpret with caution"
42003427200,,Censored,0,"Unstable percent, interpret with caution",0,"Unstable percent, interpret with caution",1.72,"Unstable percent, interpret with caution",,Censored,,Censored,0.36,"Unstable percent, interpret with caution"
42003428100,,Censored,,Censored,,Censored,,Censored,,Censored,,Censored,6.94,"Unstable percent, interpret with caution"
42003428200,,Censored,,Censored,,Censored,,Censored,,Censored,,Censored,2.42,"Unstable percent, interpret with caution"
42003429100,,Censored,,Censored,,Censored,,Censored,,Censored,,Censored,0.62,"Unstable percent, interpret with caution"
42003429201,1.47,"Unstable percent, interpret with caution",4.04,"Unstable percent, interpret with caution",0.93,"Unstable percent, interpret with caution",0,"Unstable percent, interpret with caution",,Censored,,Censored,1.51,"Unstable percent, interpret with caution"
42003429202,0,"Unstable percent, interpret with caution",0,"Unstable percent, interpret with caution",0,"Unstable percent, interpret with caution",0,"Unstable percent, interpret with caution",,Censored,,Censored,0,"Unstable percent, interpret with caution"
42003429300,0,"Unstable percent, interpret with caution",0,"Unstable percent, interpret with caution",0,"Unstable percent, interpret with caution",0,"Unstable percent, interpret with caution",0,"Unstable percent, interpret with caution",0,"Unstable percent, interpret with caution",0,"Unstable percent, interpret with caution"
42003429400,0,"Unstable percent, interpret with caution",0,"Unstable percent, interpret with caution",2.6,"Unstable percent, interpret with caution",0,"Unstable percent, interpret with caution",0,"Unstable percent, interpret with caution",0,"Unstable percent, interpret with caution",0.67,"Unstable percent, interpret with caution"
42003429500,,Censored,1.79,"Unstable percent, interpret with caution",2,"Unstable percent, interpret with caution",,Censored,,Censored,,Censored,0.47,"Unstable percent, interpret with caution"
42003429600,,Censored,1.15,"Unstable percent, interpret with caution",0,"Unstable percent, interpret with caution",,Censored,,Censored,,Censored,0.41,"Unstable percent, interpret with caution"
42003429700,,Censored,,Censored,,Censored,,Censored,,Censored,,Censored,0,"Unstable percent, interpret with caution"
42003430100,,Censored,,Censored,8,"Unstable percent, interpret with caution",,Censored,,Censored,,Censored,6.88,
42003430200,,Censored,0,"Unstable percent, interpret with caution",2.53,"Unstable percent, interpret with caution",5.77,"Unstable percent, interpret with caution",,Censored,,Censored,1.85,"Unstable percent, interpret with caution"
42003431100,,Censored,1.3,"Unstable percent, interpret with caution",5.88,"Unstable percent, interpret with caution",,Censored,,Censored,,Censored,7.26,
42003431400,,Censored,,Censored,,Censored,,Censored,,Censored,,Censored,5.15,"Unstable percent, interpret with caution"
42003431500,,Censored,4.35,"Unstable percent, interpret with caution",12.5,"Unstable percent, interpret with caution",13.46,"Unstable percent, interpret with caution",,Censored,,Censored,8.3,
42003432300,,Censored,,Censored,,Censored,,Censored,,Censored,,Censored,2.61,"Unstable percent, interpret with caution"
42003432400,,Censored,3.08,"Unstable percent, interpret with caution",1.85,"Unstable percent, interpret with caution",,Censored,,Censored,,Censored,2.5,"Unstable percent, interpret with caution"
42003434000,,Censored,,Censored,,Censored,,Censored,,Censored,,Censored,3.9,"Unstable percent, interpret with caution"
42003435000,,Censored,5.17,"Unstable percent, interpret with caution",1.61,"Unstable percent, interpret with caution",,Censored,,Censored,,Censored,2.29,"Unstable percent, interpret with caution"
42003437000,0,"Unstable percent, interpret with caution",0,"Unstable percent, interpret with caution",0,"Unstable percent, interpret with caution",0,"Unstable percent, interpret with caution",0,"Unstable percent, interpret with caution",0,"Unstable percent, interpret with caution",0,"Unstable percent, interpret with caution"
42003439000,,Censored,,Censored,,Censored,,Censored,,Censored,,Censored,0,"Unstable percent, interpret with caution"
42003445500,,Censored,0,"Unstable percent, interpret with caution",1.82,"Unstable percent, interpret with caution",,Censored,,Censored,,Censored,1.92,"Unstable percent, interpret with caution"
42003446000,,Censored,,Censored,,Censored,,Censored,,Censored,,Censored,1.2,"Unstable percent, interpret with caution"
42003447000,,Censored,,Censored,,Censored,,Censored,,Censored,,Censored,1.09,"Unstable percent, interpret with caution"
42003448000,,Censored,,Censored,,Censored,,Censored,,Censored,,Censored,0,"Unstable percent, interpret with caution"
42003449000,,Censored,,Censored,,Censored,,Censored,,Censored,,Censored,0,"Unstable percent, interpret with caution"
42003450700,,Censored,,Censored,,Censored,,Censored,,Censored,,Censored,1.85,"Unstable percent, interpret with caution"
42003450800,,Censored,1.89,"Unstable percent, interpret with caution",,Censored,,Censored,,Censored,,Censored,2.55,"Unstable percent, interpret with caution"
42003451101,,Censored,0,"Unstable percent, interpret with caution",0,"Unstable percent, interpret with caution",,Censored,,Censored,,Censored,1.2,"Unstable percent, interpret with caution"
42003451102,1.92,"Unstable percent, interpret with caution",0.88,"Unstable percent, interpret with caution",1.11,"Unstable percent, interpret with caution",6,"Unstable percent, interpret with caution",,Censored,,Censored,2.41,"Unstable percent, interpret with caution"
42003451104,0,"Unstable percent, interpret with caution",0,"Unstable percent, interpret with caution",0,"Unstable percent, interpret with caution",,Censored,,Censored,,Censored,0,"Unstable percent, interpret with caution"
42003451105,1.67,"Unstable percent, interpret with caution",0.84,"Unstable percent, interpret with caution",0,"Unstable percent, interpret with caution",,Censored,,Censored,,Censored,0.95,"Unstable percent, interpret with caution"
42003451300,0,"Unstable percent, interpret with caution",0,"Unstable percent, interpret with caution",0,"Unstable percent, interpret with caution",0,"Unstable percent, interpret with caution",,Censored,,Censored,0.55,"Unstable percent, interpret with caution"
42003452000,0,"Unstable percent, interpret with caution",0,"Unstable percent, interpret with caution",0,"Unstable percent, interpret with caution",,Censored,,Censored,,Censored,0,"Unstable percent, interpret with caution"
42003453003,,Censored,,Censored,,Censored,,Censored,,Censored,,Censored,1.72,"Unstable percent, interpret with caution"
42003453004,0,"Unstable percent, interpret with caution",0,"Unstable percent, interpret with caution",0.98,"Unstable percent, interpret with caution",,Censored,,Censored,,Censored,0.28,"Unstable percent, interpret with caution"
42003455000,,Censored,,Censored,,Censored,,Censored,,Censored,,Censored,3.92,"Unstable percent, interpret with caution"
42003456001,,Censored,0,"Unstable percent, interpret with caution",0,"Unstable percent, interpret with caution",,Censored,,Censored,,Censored,0,"Unstable percent, interpret with caution"
42003456003,2.74,"Unstable percent, interpret with caution",0,"Unstable percent, interpret with caution",1.39,"Unstable percent, interpret with caution",,Censored,,Censored,,Censored,1.75,"Unstable percent, interpret with caution"
42003456004,0,"Unstable percent, interpret with caution",0,"Unstable percent, interpret with caution",1.47,"Unstable percent, interpret with caution",,Censored,,Censored,,Censored,0.38,"Unstable percent, interpret with caution"
42003457100,,Censored,,Censored,,Censored,,Censored,,Censored,,Censored,0,"Unstable percent, interpret with caution"
42003457200,,Censored,,Censored,,Censored,,Censored,,Censored,,Censored,0.68,"Unstable percent, interpret with caution"
42003458000,0,"Unstable percent, interpret with caution",0,"Unstable percent, interpret with caution",0,"Unstable percent, interpret with caution",,Censored,,Censored,0,"Unstable percent, interpret with caution",0,"Unstable percent, interpret with caution"
42003459101,,Censored,,Censored,,Censored,,Censored,,Censored,,Censored,0,"Unstable percent, interpret with caution"
42003459102,0,"Unstable percent, interpret with caution",0.92,"Unstable percent, interpret with caution",2.35,"Unstable percent, interpret with caution",,Censored,,Censored,,Censored,1.21,"Unstable percent, interpret with caution"
42003459201,0,"Unstable percent, interpret with caution",1.1,"Unstable percent, interpret with caution",2.06,"Unstable percent, interpret with caution",,Censored,,Censored,,Censored,1,"Unstable percent, interpret with caution"
42003459202,,Censored,,Censored,,Censored,,Censored,,Censored,,Censored,,Censored
42003460001,,Censored,0,"Unstable percent, interpret with caution",0,"Unstable percent, interpret with caution",,Censored,,Censored,,Censored,0,"Unstable percent, interpret with caution"
42003460002,,Censored,0,"Unstable percent, interpret with caution",,Censored,,Censored,,Censored,,Censored,0,"Unstable percent, interpret with caution"
42003461000,,Censored,,Censored,,Censored,,Censored,,Censored,,Censored,3.85,"Unstable percent, interpret with caution"
42003462100,,Censored,3.53,"Unstable percent, interpret with caution",1.79,"Unstable percent, interpret with caution",0,"Unstable percent, interpret with caution",,Censored,,Censored,1.64,"Unstable percent, interpret with caution"
42003462600,,Censored,3.61,"Unstable percent, interpret with caution",3.66,"Unstable percent, interpret with caution",2.47,"Unstable percent, interpret with caution",5.66,"Unstable percent, interpret with caution",1.69,"Unstable percent, interpret with caution",2.87,"Unstable percent, interpret with caution"
42003463900,,Censored,3.17,"Unstable percent, interpret with caution",3.33,"Unstable percent, interpret with caution",,Censored,,Censored,4,"Unstable percent, interpret with caution",4.24,
42003464300,,Censored,,Censored,,Censored,,Censored,,Censored,,Censored,1.68,"Unstable percent, interpret with caution"
42003464400,,Censored,4.76,"Unstable percent, interpret with caution",4.42,"Unstable percent, interpret with caution",2,"Unstable percent, interpret with caution",1.49,"Unstable percent, interpret with caution",2.08,"Unstable percent, interpret with caution",3.29,
42003465600,,Censored,,Censored,,Censored,,Censored,,Censored,,Censored,3.96,"Unstable percent, interpret with caution"
42003465800,,Censored,11.32,"Unstable percent, interpret with caution",,Censored,,Censored,,Censored,,Censored,5.11,"Unstable percent, interpret with caution"
42003468700,,Censored,,Censored,,Censored,,Censored,,Censored,,Censored,0,"Unstable percent, interpret with caution"
42003468800,,Censored,,Censored,,Censored,,Censored,,Censored,,Censored,1.91,"Unstable percent, interpret with caution"
42003468900,,Censored,2.38,"Unstable percent, interpret with caution",3.28,"Unstable percent, interpret with caution",,Censored,,Censored,0,"Unstable percent, interpret with caution",2.87,"Unstable percent, interpret with caution"
42003469000,1.39,"Unstable percent, interpret with caution",0,"Unstable percent, interpret with caution",0,"Unstable percent, interpret with caution",,Censored,,Censored,,Censored,0.43,"Unstable percent, interpret with caution"
42003470300,,Censored,0,"Unstable percent, interpret with caution",0,"Unstable percent, interpret with caution",,Censored,,Censored,,Censored,0,"Unstable percent, interpret with caution"
42003470400,,Censored,,Censored,,Censored,,Censored,,Censored,,Censored,0,"Unstable percent, interpret with caution"
42003470501,4.21,"Unstable percent, interpret with caution",6.52,"Unstable percent, interpret with caution",17.86,,,Censored,,Censored,4.23,"Unstable percent, interpret with caution",7.16,
42003470502,,Censored,,Censored,,Censored,,Censored,,Censored,,Censored,0,"Unstable percent, interpret with caution"
42003470600,,Censored,,Censored,,Censored,,Censored,,Censored,,Censored,0.7,"Unstable percent, interpret with caution"
42003471000,,Censored,,Censored,,Censored,,Censored,,Censored,,Censored,,Censored
42003472100,,Censored,,Censored,,Censored,,Censored,,Censored,,Censored,2,"Unstable percent, interpret with caution"
42003472200,,Censored,,Censored,,Censored,,Censored,,Censored,,Censored,1.44,"Unstable percent, interpret with caution"
42003472300,,Censored,,Censored,,Censored,,Censored,,Censored,,Censored,0.91,"Unstable percent, interpret with caution"
42003472400,,Censored,,Censored,,Censored,,Censored,,Censored,,Censored,0.75,"Unstable percent, interpret with caution"
42003473100,0,"Unstable percent, interpret with caution",0,"Unstable percent, interpret with caution",0.95,"Unstable percent, interpret with caution",0,"Unstable percent, interpret with caution",,Censored,,Censored,0.3,"Unstable percent, interpret with caution"
42003473200,,Censored,1.59,"Unstable percent, interpret with caution",0,"Unstable percent, interpret with caution",,Censored,,Censored,,Censored,2.14,"Unstable percent, interpret with caution"
42003473300,0,"Unstable percent, interpret with caution",0,"Unstable percent, interpret with caution",0,"Unstable percent, interpret with caution",1.41,"Unstable percent, interpret with caution",1.33,"Unstable percent, interpret with caution",,Censored,0.45,"Unstable percent, interpret with caution"
42003473401,,Censored,0,"Unstable percent, interpret with caution",,Censored,,Censored,,Censored,,Censored,0.52,"Unstable percent, interpret with caution"
42003473402,0,"Unstable percent, interpret with caution",0,"Unstable percent, interpret with caution",0,"Unstable percent, interpret with caution",,Censored,,Censored,,Censored,0,"Unstable percent, interpret with caution"
42003473500,0,"Unstable percent, interpret with caution",0,"Unstable percent, interpret with caution",0,"Unstable percent, interpret with caution",,Censored,,Censored,,Censored,0,"Unstable percent, interpret with caution"
42003473601,0,"Unstable percent, interpret with caution",0,"Unstable percent, interpret with caution",0,"Unstable percent, interpret with caution",,Censored,,Censored,,Censored,0,"Unstable percent, interpret with caution"
42003473602,0,"Unstable percent, interpret with caution",0,"Unstable percent, interpret with caution",0,"Unstable percent, interpret with caution",,Censored,,Censored,,Censored,0,"Unstable percent, interpret with caution"
42003474101,0,"Unstable percent, interpret with caution",0,"Unstable percent, interpret with caution",1.64,"Unstable percent, interpret with caution",,Censored,,Censored,,Censored,0.39,"Unstable percent, interpret with caution"
42003474102,,Censored,0,"Unstable percent, interpret with caution",0,"Unstable percent, interpret with caution",,Censored,,Censored,,Censored,0,"Unstable percent, interpret with caution"
42003474201,,Censored,,Censored,,Censored,,Censored,,Censored,,Censored,0,"Unstable percent, interpret with caution"
42003474202,,Censored,0,"Unstable percent, interpret with caution",1.64,"Unstable percent, interpret with caution",0,"Unstable percent, interpret with caution",,Censored,,Censored,0.4,"Unstable percent, interpret with caution"
42003474203,0,"Unstable percent, interpret with caution",0,"Unstable percent, interpret with caution",0,"Unstable percent, interpret with caution",,Censored,,Censored,,Censored,0.35,"Unstable percent, interpret with caution"
42003475101,,Censored,1.59,"Unstable percent, interpret with caution",0,"Unstable percent, interpret with caution",0,"Unstable percent, interpret with caution",,Censored,,Censored,0.4,"Unstable percent, interpret with caution"
42003475102,,Censored,,Censored,,Censored,,Censored,,Censored,,Censored,0,"Unstable percent, interpret with caution"
42003475200,0,"Unstable percent, interpret with caution",1.22,"Unstable percent, interpret with caution",0,"Unstable percent, interpret with caution",1.75,"Unstable percent, interpret with caution",,Censored,,Censored,0.71,"Unstable percent, interpret with caution"
42003475301,0,"Unstable percent, interpret with caution",0,"Unstable percent, interpret with caution",0,"Unstable percent, interpret with caution",,Censored,,Censored,,Censored,0,"Unstable percent, interpret with caution"
42003475303,,Censored,0,"Unstable percent, interpret with caution",1.3,"Unstable percent, interpret with caution",,Censored,,Censored,,Censored,0.43,"Unstable percent, interpret with caution"
42003475304,0,"Unstable percent, interpret with caution",0,"Unstable percent, interpret with caution",0,"Unstable percent, interpret with caution",,Censored,,Censored,,Censored,0,"Unstable percent, interpret with caution"
42003475401,0,"Unstable percent, interpret with caution",1.49,"Unstable percent, interpret with caution",0,"Unstable percent, interpret with caution",,Censored,,Censored,,Censored,0.42,"Unstable percent, interpret with caution"
42003475402,,Censored,2.86,"Unstable percent, interpret with caution",,Censored,,Censored,,Censored,,Censored,1.61,"Unstable percent, interpret with caution"
42003476100,0,"Unstable percent, interpret with caution",2,"Unstable percent, interpret with caution",0,"Unstable percent, interpret with caution",1.56,"Unstable percent, interpret with caution",0,"Unstable percent, interpret with caution",1.67,"Unstable percent, interpret with caution",1.19,"Unstable percent, interpret with caution"
42003476200,,Censored,0,"Unstable percent, interpret with caution",,Censored,,Censored,,Censored,,Censored,0,"Unstable percent, interpret with caution"
42003477100,0,"Unstable percent, interpret with caution",0,"Unstable percent, interpret with caution",1.52,"Unstable percent, interpret with caution",0,"Unstable percent, interpret with caution",0,"Unstable percent, interpret with caution",,Censored,0.37,"Unstable percent, interpret with caution"
42003477200,0,"Unstable percent, interpret with caution",0,"Unstable percent, interpret with caution",0,"Unstable percent, interpret with caution",1.67,"Unstable percent, interpret with caution",1.45,"Unstable percent, interpret with caution",0,"Unstable percent, interpret with caution",0.68,"Unstable percent, interpret with caution"
42003477300,0,"Unstable percent, interpret with caution",0.58,"Unstable percent, interpret with caution",2.36,"Unstable percent, interpret with caution",2.79,"Unstable percent, interpret with caution",1.02,"Unstable percent, interpret with caution",2.08,"Unstable percent, interpret with caution",1.71,
42003478100,1.85,"Unstable percent, interpret with caution",2.52,"Unstable percent, interpret with caution",3.3,"Unstable percent, interpret with caution",6.36,"Unstable percent, interpret with caution",2.91,"Unstable percent, interpret with caution",1.19,"Unstable percent, interpret with caution",3.01,
42003478200,2.63,"Unstable percent, interpret with caution",2.54,"Unstable percent, interpret with caution",2.27,"Unstable percent, interpret with caution",0.83,"Unstable percent, interpret with caution",0,"Unstable percent, interpret with caution",1.94,"Unstable percent, interpret with caution",2.21,
42003479000,,Censored,,Censored,,Censored,,Censored,,Censored,,Censored,0.95,"Unstable percent, interpret with caution"
42003480101,0,"Unstable percent, interpret with caution",1.16,"Unstable percent, interpret with caution",1.79,"Unstable percent, interpret with caution",1.27,"Unstable percent, interpret with caution",0.72,"Unstable percent, interpret with caution",1.55,"Unstable percent, interpret with caution",1.25,"Unstable percent, interpret with caution"
42003480102,,Censored,0,"Unstable percent, interpret with caution",0,"Unstable percent, interpret with caution",0,"Unstable percent, interpret with caution",,Censored,,Censored,0.48,"Unstable percent, interpret with caution"
42003480200,0,"Unstable percent, interpret with caution",1.22,"Unstable percent, interpret with caution",1.23,"Unstable percent, interpret with caution",0,"Unstable percent, interpret with caution",0,"Unstable percent, interpret with caution",0,"Unstable percent, interpret with caution",0.68,"Unstable percent, interpret with caution"
42003480300,,Censored,0,"Unstable percent, interpret with caution",1.25,"Unstable percent, interpret with caution",1.28,"Unstable percent, interpret with caution",0,"Unstable percent, interpret with caution",0,"Unstable percent, interpret with caution",0.75,"Unstable percent, interpret with caution"
42003480400,0,"Unstable percent, interpret with caution",0,"Unstable percent, interpret with caution",0,"Unstable percent, interpret with caution",1.37,"Unstable percent, interpret with caution",0,"Unstable percent, interpret with caution",0,"Unstable percent, interpret with caution",0.35,"Unstable percent, interpret with caution"
42003481000,,Censored,9.09,"Unstable percent, interpret with caution",10.29,"Unstable percent, interpret with caution",7.69,"Unstable percent, interpret with caution",8.33,"Unstable percent, interpret with caution",7.59,"Unstable percent, interpret with caution",8.05,
42003482500,,Censored,,Censored,,Censored,,Censored,,Censored,,Censored,0.94,"Unstable percent, interpret with caution"
42003483800,,Censored,7.35,"Unstable percent, interpret with caution",5.63,"Unstable percent, interpret with caution",8.62,"Unstable percent, interpret with caution",,Censored,7.27,"Unstable percent, interpret with caution",5.95,
42003484300,,Censored,4.35,"Unstable percent, interpret with caution",0,"Unstable percent, interpret with caution",6,"Unstable percent, interpret with caution",,Censored,1.85,"Unstable percent, interpret with caution",3.17,"Unstable percent, interpret with caution"
42003484500,0,"Unstable percent, interpret with caution",0,"Unstable percent, interpret with caution",0,"Unstable percent, interpret with caution",0,"Unstable percent, interpret with caution",0,"Unstable percent, interpret with caution",0,"Unstable percent, interpret with caution",0,"Unstable percent, interpret with caution"
42003484600,,Censored,,Censored,,Censored,,Censored,,Censored,,Censored,1.32,"Unstable percent, interpret with caution"
42003485000,,Censored,,Censored,,Censored,,Censored,,Censored,,Censored,4.95,"Unstable percent, interpret with caution"
42003486700,,Censored,2.47,"Unstable percent, interpret with caution",1.56,"Unstable percent, interpret with caution",10.61,"Unstable percent, interpret with caution",,Censored,2.86,"Unstable percent, interpret with caution",4.1,
42003486800,,Censored,,Censored,,Censored,,Censored,,Censored,,Censored,7.14,
42003486900,,Censored,,Censored,,Censored,,Censored,,Censored,,Censored,3.8,"Unstable percent, interpret with caution"
42003487000,,Censored,,Censored,,Censored,,Censored,,Censored,,Censored,1.23,"Unstable percent, interpret with caution"
42003488100,,Censored,,Censored,,Censored,,Censored,,Censored,,Censored,3.1,"Unstable percent, interpret with caution"
42003488200,0,"Unstable percent, interpret with caution",2.02,"Unstable percent, interpret with caution",1.11,"Unstable percent, interpret with caution",1.08,"Unstable percent, interpret with caution",2.41,"Unstable percent, interpret with caution",0,"Unstable percent, interpret with caution",1.28,"Unstable percent, interpret with caution"
42003488300,,Censored,,Censored,,Censored,,Censored,,Censored,,Censored,0.83,"Unstable percent, interpret with caution"
42003488400,0,"Unstable percent, interpret with caution",0,"Unstable percent, interpret with caution",1.08,"Unstable percent, interpret with caution",1.49,"Unstable percent, interpret with caution",0,"Unstable percent, interpret with caution",0,"Unstable percent, interpret with caution",0.6,"Unstable percent, interpret with caution"
42003488500,,Censored,,Censored,,Censored,,Censored,,Censored,,Censored,1.15,"Unstable percent, interpret with caution"
42003488600,0,"Unstable percent, interpret with caution",0,"Unstable percent, interpret with caution",0.93,"Unstable percent, interpret with caution",2.47,"Unstable percent, interpret with caution",1.14,"Unstable percent, interpret with caution",1.18,"Unstable percent, interpret with caution",1.01,"Unstable percent, interpret with caution"
42003489001,0,"Unstable percent, interpret with caution",0,"Unstable percent, interpret with caution",0.93,"Unstable percent, interpret with caution",0,"Unstable percent, interpret with caution",0,"Unstable percent, interpret with caution",0,"Unstable percent, interpret with caution",0.28,"Unstable percent, interpret with caution"
42003489002,0,"Unstable percent, interpret with caution",0,"Unstable percent, interpret with caution",0,"Unstable percent, interpret with caution",0,"Unstable percent, interpret with caution",,Censored,,Censored,0,"Unstable percent, interpret with caution"
42003490002,0,"Unstable percent, interpret with caution",0,"Unstable percent, interpret with caution",0,"Unstable percent, interpret with caution",0,"Unstable percent, interpret with caution",,Censored,,Censored,0,"Unstable percent, interpret with caution"
42003490003,0,"Unstable percent, interpret with caution",1.39,"Unstable percent, interpret with caution",0,"Unstable percent, interpret with caution",1.69,"Unstable percent, interpret with caution",,Censored,,Censored,0.83,"Unstable percent, interpret with caution"
42003490004,1.61,"Unstable percent, interpret with caution",0,"Unstable percent, interpret with caution",0,"Unstable percent, interpret with caution",0,"Unstable percent, interpret with caution",,Censored,,Censored,0.36,"Unstable percent, interpret with caution"
42003491101,0,"Unstable percent, interpret with caution",0,"Unstable percent, interpret with caution",0,"Unstable percent, interpret with caution",0,"Unstable percent, interpret with caution",0,"Unstable percent, interpret with caution",0,"Unstable percent, interpret with caution",0,"Unstable percent, interpret with caution"
42003491200,,Censored,,Censored,,Censored,,Censored,,Censored,,Censored,0,"Unstable percent, interpret with caution"
42003492700,,Censored,,Censored,,Censored,,Censored,,Censored,,Censored,4.32,"Unstable percent, interpret with caution"
42003492800,,Censored,0,"Unstable percent, interpret with caution",2.56,"Unstable percent, interpret with caution",1.85,"Unstable percent, interpret with caution",0,"Unstable percent, interpret with caution",6.15,"Unstable percent, interpret with caution",2.58,"Unstable percent, interpret with caution"
42003492900,,Censored,1.72,"Unstable percent, interpret with caution",0,"Unstable percent, interpret with caution",0,"Unstable percent, interpret with caution",0,"Unstable percent, interpret with caution",0,"Unstable percent, interpret with caution",0.36,"Unstable percent, interpret with caution"
42003494000,,Censored,,Censored,,Censored,,Censored,,Censored,,Censored,2.91,"Unstable percent, interpret with caution"
42003495000,,Censored,0,"Unstable percent, interpret with caution",,Censored,,Censored,,Censored,,Censored,1.11,"Unstable percent, interpret with caution"
42003496101,,Censored,,Censored,,Censored,,Censored,,Censored,,Censored,0,"Unstable percent, interpret with caution"
42003496102,,Censored,1.56,"Unstable percent, interpret with caution",0,"Unstable percent, interpret with caution",,Censored,,Censored,,Censored,0.91,"Unstable percent, interpret with caution"
42003496200,0,"Unstable percent, interpret with caution",1.27,"Unstable percent, interpret with caution",0,"Unstable percent, interpret with caution",2.82,"Unstable percent, interpret with caution",0,"Unstable percent, interpret with caution",0,"Unstable percent, interpret with caution",1.01,"Unstable percent, interpret with caution"
42003497000,,Censored,,Censored,,Censored,,Censored,,Censored,,Censored,,Censored
42003498000,,Censored,,Censored,,Censored,,Censored,,Censored,,Censored,1.54,"Unstable percent, interpret with caution"
42003499300,,Censored,,Censored,,Censored,,Censored,,Censored,,Censored,1.55,"Unstable percent, interpret with caution"
42003499400,,Censored,0,"Unstable percent, interpret with caution",1.59,"Unstable percent, interpret with caution",8.33,"Unstable percent, interpret with caution",8.06,"Unstable percent, interpret with caution",1.67,"Unstable percent, interpret with caution",4.17,
42003500300,,Censored,3.17,"Unstable percent, interpret with caution",0,"Unstable percent, interpret with caution",3.33,"Unstable percent, interpret with caution",,Censored,0,"Unstable percent, interpret with caution",1.63,"Unstable percent, interpret with caution"
42003501000,,Censored,,Censored,,Censored,,Censored,,Censored,,Censored,6.02,"Unstable percent, interpret with caution"
42003503002,,Censored,0,"Unstable percent, interpret with caution",0,"Unstable percent, interpret with caution",1.79,"Unstable percent, interpret with caution",,Censored,,Censored,0.81,"Unstable percent, interpret with caution"
42003504100,1.59,"Unstable percent, interpret with caution",1.85,"Unstable percent, interpret with caution",0,"Unstable percent, interpret with caution",1.09,"Unstable percent, interpret with caution",0,"Unstable percent, interpret with caution",0,"Unstable percent, interpret with caution",0.96,"Unstable percent, interpret with caution"
42003507000,,Censored,,Censored,,Censored,,Censored,,Censored,,Censored,4.17,"Unstable percent, interpret with caution"
42003508000,,Censored,,Censored,,Censored,9.62,"Unstable percent, interpret with caution",,Censored,,Censored,8.7,
42003509400,6,"Unstable percent, interpret with caution",3.7,"Unstable percent, interpret with caution",8.85,,6.54,"Unstable percent, interpret with caution",7,"Unstable percent, interpret with caution",4.29,"Unstable percent, interpret with caution",6.19,
42003510000,,Censored,4.62,"Unstable percent, interpret with caution",9.68,"Unstable percent, interpret with caution",5.36,"Unstable percent, interpret with caution",,Censored,,Censored,6.75,
42003512000,,Censored,,Censored,,Censored,,Censored,,Censored,,Censored,6.21,"Unstable percent, interpret with caution"
42003512800,,Censored,,Censored,,Censored,,Censored,,Censored,,Censored,10.84,
42003512900,,Censored,,Censored,,Censored,,Censored,,Censored,,Censored,5.31,"Unstable percent, interpret with caution"
42003513800,,Censored,8,"Unstable percent, interpret with caution",10,"Unstable percent, interpret with caution",,Censored,3.85,"Unstable percent, interpret with caution",,Censored,6.5,
42003514000,,Censored,7.55,"Unstable percent, interpret with caution",0,"Unstable percent, interpret with caution",3.03,"Unstable percent, interpret with caution",1.79,"Unstable percent, interpret with caution",1.89,"Unstable percent, interpret with caution",2.89,"Unstable percent, interpret with caution"
42003515100,,Censored,3.13,"Unstable percent, interpret with caution",3.23,"Unstable percent, interpret with caution",3.85,"Unstable percent, interpret with caution",5.88,"Unstable percent, interpret with caution",,Censored,2.95,"Unstable percent, interpret with caution"
42003515200,,Censored,,Censored,,Censored,,Censored,,Censored,,Censored,4.55,"Unstable percent, interpret with caution"
42003515300,,Censored,,Censored,,Censored,,Censored,,Censored,,Censored,2.56,"Unstable percent, interpret with caution"
42003515401,,Censored,,Censored,1.79,"Unstable percent, interpret with caution",0,"Unstable percent, interpret with caution",,Censored,,Censored,1.1,"Unstable percent, interpret with caution"
42003516100,,Censored,,Censored,,Censored,,Censored,,Censored,,Censored,0.95,"Unstable percent, interpret with caution"
42003516200,,Censored,0,"Unstable percent, interpret with caution",,Censored,,Censored,,Censored,,Censored,1.91,"Unstable percent, interpret with caution"
42003517000,,Censored,,Censored,,Censored,,Censored,,Censored,,Censored,0.79,"Unstable percent, interpret with caution"
42003518001,,Censored,,Censored,0,"Unstable percent, interpret with caution",,Censored,,Censored,,Censored,1.12,"Unstable percent, interpret with caution"
42003519000,,Censored,0,"Unstable percent, interpret with caution",0,"Unstable percent, interpret with caution",,Censored,,Censored,,Censored,0,"Unstable percent, interpret with caution"
42003520001,,Censored,,Censored,,Censored,,Censored,,Censored,,Censored,0.62,"Unstable percent, interpret with caution"
42003520002,,Censored,,Censored,0,"Unstable percent, interpret with caution",,Censored,,Censored,,Censored,2.75,"Unstable percent, interpret with caution"
42003521100,,Censored,0,"Unstable percent, interpret with caution",1.49,"Unstable percent, interpret with caution",,Censored,1.96,"Unstable percent, interpret with caution",,Censored,0.81,"Unstable percent, interpret with caution"
42003521200,,Censored,0,"Unstable percent, interpret with caution",0,"Unstable percent, interpret with caution",0,"Unstable percent, interpret with caution",0,"Unstable percent, interpret with caution",1.79,"Unstable percent, interpret with caution",0.36,"Unstable percent, interpret with caution"
42003521301,,Censored,1.1,"Unstable percent, interpret with caution",2.47,"Unstable percent, interpret with caution",0,"Unstable percent, interpret with caution",1.92,"Unstable percent, interpret with caution",,Censored,1.74,"Unstable percent, interpret with caution"
42003521302,1.75,"Unstable percent, interpret with caution",1.05,"Unstable percent, interpret with caution",3.2,"Unstable percent, interpret with caution",1.2,"Unstable percent, interpret with caution",5.88,"Unstable percent, interpret with caution",0,"Unstable percent, interpret with caution",2.54,
42003521401,,Censored,,Censored,,Censored,,Censored,,Censored,,Censored,0.74,"Unstable percent, interpret with caution"
42003521402,,Censored,0,"Unstable percent, interpret with caution",0,"Unstable percent, interpret with caution",,Censored,,Censored,,Censored,0,"Unstable percent, interpret with caution"
42003521500,,Censored,0,"Unstable percent, interpret with caution",,Censored,,Censored,,Censored,,Censored,0,"Unstable percent, interpret with caution"
42003522000,,Censored,4.05,"Unstable percent, interpret with caution",,Censored,0,"Unstable percent, interpret with caution",,Censored,,Censored,6.15,
42003523100,,Censored,1.35,"Unstable percent, interpret with caution",1.49,"Unstable percent, interpret with caution",0,"Unstable percent, interpret with caution",1.96,"Unstable percent, interpret with caution",1.56,"Unstable percent, interpret with caution",1.09,"Unstable percent, interpret with caution"
42003523200,,Censored,0,"Unstable percent, interpret with caution",0,"Unstable percent, interpret with caution",,Censored,7.69,"Unstable percent, interpret with caution",3.57,"Unstable percent, interpret with caution",1.54,"Unstable percent, interpret with caution"
42003523300,,Censored,0,"Unstable percent, interpret with caution",0,"Unstable percent, interpret with caution",,Censored,,Censored,,Censored,0.89,"Unstable percent, interpret with caution"
42003523400,,Censored,0,"Unstable percent, interpret with caution",0,"Unstable percent, interpret with caution",0,"Unstable percent, interpret with caution",1.67,"Unstable percent, interpret with caution",,Censored,0.34,"Unstable percent, interpret with caution"
42003523501,,Censored,0,"Unstable percent, interpret with caution",0,"Unstable percent, interpret with caution",0,"Unstable percent, interpret with caution",,Censored,0,"Unstable percent, interpret with caution",0.34,"Unstable percent, interpret with caution"
42003523502,,Censored,,Censored,,Censored,,Censored,,Censored,,Censored,1.56,"Unstable percent, interpret with caution"
42003523600,1.72,"Unstable percent, interpret with caution",2.08,"Unstable percent, interpret with caution",1.85,"Unstable percent, interpret with caution",0,"Unstable percent, interpret with caution",,Censored,,Censored,1.49,"Unstable percent, interpret with caution"
42003523701,,Censored,0,"Unstable percent, interpret with caution",0,"Unstable percent, interpret with caution",,Censored,,Censored,,Censored,0.46,"Unstable percent, interpret with caution"
42003523702,1.79,"Unstable percent, interpret with caution",0,"Unstable percent, interpret with caution",0,"Unstable percent, interpret with caution",1.52,"Unstable percent, interpret with caution",2.86,"Unstable percent, interpret with caution",1.47,"Unstable percent, interpret with caution",1.19,"Unstable percent, interpret with caution"
42003523800,,Censored,0,"Unstable percent, interpret with caution",0,"Unstable percent, interpret with caution",0,"Unstable percent, interpret with caution",,Censored,,Censored,0,"Unstable percent, interpret with caution"
42003524000,,Censored,3.39,"Unstable percent, interpret with caution",3.39,"Unstable percent, interpret with caution",,Censored,,Censored,,Censored,3.43,"Unstable percent, interpret with caution"
42003525100,,Censored,,Censored,,Censored,,Censored,,Censored,,Censored,0.72,"Unstable percent, interpret with caution"
42003525200,,Censored,,Censored,,Censored,,Censored,,Censored,,Censored,2.94,"Unstable percent, interpret with caution"
42003525300,,Censored,,Censored,,Censored,,Censored,,Censored,,Censored,1.41,"Unstable percent, interpret with caution"
42003526101,0,"Unstable percent, interpret with caution",0,"Unstable percent, interpret with caution",0,"Unstable percent, interpret with caution",0,"Unstable percent, interpret with caution",0,"Unstable percent, interpret with caution",0,"Unstable percent, interpret with caution",0,"Unstable percent, interpret with caution"
42003526102,,Censored,,Censored,,Censored,,Censored,,Censored,,Censored,0,"Unstable percent, interpret with caution"
42003526201,,Censored,0,"Unstable percent, interpret with caution",0,"Unstable percent, interpret with caution",,Censored,,Censored,,Censored,0,"Unstable percent, interpret with caution"
42003526202,,Censored,0,"Unstable percent, interpret with caution",0,"Unstable percent, interpret with caution",,Censored,,Censored,,Censored,0,"Unstable percent, interpret with caution"
42003526301,,Censored,0,"Unstable percent, interpret with caution",0,"Unstable percent, interpret with caution",,Censored,,Censored,,Censored,0,"Unstable percent, interpret with caution"
42003526302,0,"Unstable percent, interpret with caution",0,"Unstable percent, interpret with caution",0,"Unstable percent, interpret with caution",0,"Unstable percent, interpret with caution",0,"Unstable percent, interpret with caution",,Censored,0,"Unstable percent, interpret with caution"
42003550900,,Censored,19.23,,,Censored,,Censored,,Censored,,Censored,14.77,
42003551200,,Censored,6.06,"Unstable percent, interpret with caution",3.23,"Unstable percent, interpret with caution",3.74,"Unstable percent, interpret with caution",4.3,"Unstable percent, interpret with caution",0,"Unstable percent, interpret with caution",3.45,
42003551300,,Censored,,Censored,3.92,"Unstable percent, interpret with caution",,Censored,,Censored,,Censored,3.4,"Unstable percent, interpret with caution"
42003551900,,Censored,,Censored,4,"Unstable percent, interpret with caution",,Censored,,Censored,,Censored,1.19,"Unstable percent, interpret with caution"
42003552000,,Censored,11.59,"Unstable percent, interpret with caution",13.92,,12.36,,,Censored,,Censored,11.76,
42003552100,,Censored,,Censored,,Censored,,Censored,,Censored,,Censored,6.67,"Unstable percent, interpret with caution"
42003552200,,Censored,,Censored,,Censored,,Censored,,Censored,,Censored,8.33,"Unstable percent, interpret with caution"
42003552300,,Censored,,Censored,8.86,"Unstable percent, interpret with caution",7.55,"Unstable percent, interpret with caution",7.27,"Unstable percent, interpret with caution",,Censored,12.99,
42003552400,2,"Unstable percent, interpret with caution",4.23,"Unstable percent, interpret with caution",6.94,"Unstable percent, interpret with caution",1.47,"Unstable percent, interpret with caution",,Censored,,Censored,5.26,
42003560400,,Censored,,Censored,,Censored,,Censored,,Censored,,Censored,5,"Unstable percent, interpret with caution"
42003560500,,Censored,,Censored,,Censored,,Censored,,Censored,,Censored,6.21,"Unstable percent, interpret with caution"
42003560600,,Censored,,Censored,,Censored,,Censored,,Censored,,Censored,6.98,"Unstable percent, interpret with caution"
42003561000,,Censored,18,"Unstable percent, interpret with caution",,Censored,,Censored,,Censored,,Censored,11.04,
42003561100,,Censored,,Censored,,Censored,,Censored,,Censored,,Censored,2.33,"Unstable percent, interpret with caution"
42003561200,,Censored,,Censored,,Censored,,Censored,,Censored,,Censored,15.79,
42003561400,,Censored,3.9,"Unstable percent, interpret with caution",5,"Unstable percent, interpret with caution",6.33,"Unstable percent, interpret with caution",6.67,"Unstable percent, interpret with caution",1.37,"Unstable percent, interpret with caution",4.01,
42003561500,,Censored,3.7,"Unstable percent, interpret with caution",1.89,"Unstable percent, interpret with caution",9.43,"Unstable percent, interpret with caution",,Censored,,Censored,3.48,"Unstable percent, interpret with caution"
42003561600,,Censored,,Censored,,Censored,,Censored,,Censored,,Censored,6.42,
42003561700,,Censored,,Censored,,Censored,,Censored,,Censored,,Censored,9.26,"Unstable percent, interpret with caution"
42003561900,,Censored,,Censored,,Censored,,Censored,,Censored,,Censored,5.97,"Unstable percent, interpret with caution"
42003562000,,Censored,,Censored,,Censored,,Censored,,Censored,,Censored,3.39,"Unstable percent, interpret with caution"
42003562300,,Censored,8.33,"Unstable percent, interpret with caution",4.49,"Unstable percent, interpret with caution",5,"Unstable percent, interpret with caution",10.94,"Unstable percent, interpret with caution",6.25,"Unstable percent, interpret with caution",6.19,
42003562400,,Censored,15.09,"Unstable percent, interpret with caution",1.92,"Unstable percent, interpret with caution",,Censored,,Censored,,Censored,8.85,
42003562500,7.69,"Unstable percent, interpret with caution",5,"Unstable percent, interpret with caution",8.11,"Unstable percent, interpret with caution",14.29,"Unstable percent, interpret with caution",15.38,,10,"Unstable percent, interpret with caution",9.62,
42003562600,,Censored,,Censored,,Censored,,Censored,,Censored,9.43,"Unstable percent, interpret with caution",6.5,
42003562700,,Censored,,Censored,,Censored,,Censored,,Censored,,Censored,3.2,"Unstable percent, interpret with caution"
42003562800,,Censored,,Censored,,Censored,,Censored,,Censored,,Censored,6.31,"Unstable percent, interpret with caution"
42003562900,,Censored,,Censored,,Censored,,Censored,,Censored,,Censored,6.52,"Unstable percent, interpret with caution"
42003563000,,Censored,0,"Unstable percent, interpret with caution",,Censored,,Censored,,Censored,,Censored,2.19,"Unstable percent, interpret with caution"
42003563100,,Censored,4.35,"Unstable percent, interpret with caution",1.82,"Unstable percent, interpret with caution",,Censored,,Censored,1.69,"Unstable percent, interpret with caution",2.81,"Unstable percent, interpret with caution"
42003563200,,Censored,,Censored,,Censored,,Censored,,Censored,,Censored,8.22,
42003563300,,Censored,,Censored,,Censored,,Censored,,Censored,,Censored,3.17,"Unstable percent, interpret with caution"
42003563800,,Censored,0,"Unstable percent, interpret with caution",0,"Unstable percent, interpret with caution",,Censored,,Censored,,Censored,1.81,"Unstable percent, interpret with caution"
42003563900,,Censored,0,"Unstable percent, interpret with caution",0,"Unstable percent, interpret with caution",1.75,"Unstable percent, interpret with caution",,Censored,,Censored,0.41,"Unstable percent, interpret with caution"
42003564000,0,"Unstable percent, interpret with caution",0,"Unstable percent, interpret with caution",0,"Unstable percent, interpret with caution",,Censored,,Censored,,Censored,0,"Unstable percent, interpret with caution"
42003564100,,Censored,,Censored,,Censored,,Censored,,Censored,,Censored,,Censored
42003564200,,Censored,,Censored,,Censored,,Censored,,Censored,,Censored,0,"Unstable percent, interpret with caution"
42003564400,,Censored,0,"Unstable percent, interpret with caution",0,"Unstable percent, interpret with caution",0,"Unstable percent, interpret with caution",5.77,"Unstable percent, interpret with caution",,Censored,1.7,"Unstable percent, interpret with caution"
42003564500,,Censored,0,"Unstable percent, interpret with caution",0,"Unstable percent, interpret with caution",,Censored,,Censored,,Censored,0.51,"Unstable percent, interpret with caution"
42003980000,,Censored,,Censored,,Censored,,Censored,,Censored,,Censored,,Censored
42003980500,,Censored,,Censored,,Censored,,Censored,,Censored,,Censored,,Censored
42003980700,,Censored,,Censored,,Censored,,Censored,,Censored,,Censored,,Censored
42003980900,,Censored,,Censored,,Censored,,Censored,,Censored,,Censored,,Censored
42003981200,,Censored,,Censored,,Censored,,Censored,,Censored,,Censored,,Censored
42003981800,,Censored,,Censored,,Censored,,Censored,,Censored,,Censored,,Censored
42003982200,,Censored,,Censored,,Censored,,Censored,,Censored,,Censored,,Censored
